Workbook

Sheet README
A1: Credit Migration Scenario Calculator
A3: What this is
A4: Pure-formula Excel port of the cascade-logit Markov engine from src/markov_dgp.py and src/markov_engine.py -- no macros, no add-ins, opens anywhere. Generated by src/excel_export.py from model_weights.json -- do not edit the Calc or Model_Weights tabs by hand, they will be overwritten on the next regeneration.
A6: How to use it
A7: 1. Go to the 'Scenario' tab.
A8: 2. Edit the two yellow input cells: Delta Earnings Growth and Delta 10Y Yield, both in PERCENTAGE POINTS (type 0.5 for +0.5%, i.e. +50bp -- not 0.005). This matches exactly how the Python model was fit.
A9: 3. Edit Cumulative Horizon (quarters, 1-60) to choose how many quarters to compound the scenario over. If this is ever invalid (0, negative, non-integer), the Cumulative grid shows 'Invalid horizon' instead of an error.
A10: 4. The 'Scenario check' cell tells you if your inputs are within the range the model was actually fit on. If they're beyond the per-feature cap (see the Model_Weights tab), it also shows an INPUT CAPPED note -- inputs that extreme are clamped before the matrix math runs, so the sigmoid can't saturate into a literal, historically-unprecedented 0%/100% (e.g. "100% of IG demotes in one quarter"). The displayed matrix reflects the CAPPED value whenever that note appears, not your literal typed input.
A11: 5. The two 4x4 grids below show the next-quarter and N-quarter-cumulative transition matrices as real percentages, colour-scaled green (low probability) to red (high probability).
A12: 6. If a grid ever looks stuck (doesn't change when you edit the inputs), press Ctrl+Alt+F9 to force a full recalculation.
A14: IMPORTANT: where the output becomes static (flat)
A15: Delta Earnings Growth is clamped to [-2.343, 1.943]. Any input at or beyond that boundary computes the SAME result as the boundary value itself -- this is not a bug.
... A25: All beta_hat values here come directly from model_weights.json, generated by python run_pipeline.py. Re-run that (which now also regenerates this file) to refresh the numbers.

Sheet Scenario
A1: Credit Migration Scenario Calculator
A3: Inputs (percentage points, e.g. 0.5 = +0.5%)
A4: Delta Earnings Growth | C4: 1
A5: Delta 10Y Yield | C5: 10
A6: Cumulative Horizon (quarters, 1-60) | C6: 10
A7: Scenario check | C7: =IF(OR(Calc!C3<Model_Weights!B20, Calc!C3>Model_Weights!C20, Calc!D3<Model_Weights!B21, Calc!D3>Model_Weights!C21, Calc!E3<Model_Weights!B22, Calc!E3>Model_Weights!C22), "EXTRAPOLATION WARNING: input(s) outside observed training range" & IF(OR(Calc!C4<>"",Calc!D4<>"",Calc!E4<>""), " | INPUT CAPPED (result reflects capped value): " & TRIM(Calc!C4&" "&Calc!D4&" "&Calc!E4), ""), "OK - within training range") -> EXTRAPOLATION WARNING: input(s) outside observed training range | INPUT CAPPED (result reflects capped value): Interaction: 10.000 -> 0.674
A9: Next-Quarter Transition Matrix
B10: -> IG | C10: -> NonIG | D10: -> Junk | E10: -> Default
A11: IG -> | B11: =TEXT(INDEX(Calc!$B$39:$E$42, 1, 1),"0.00%") -> 47.40% | C11: =TEXT(INDEX(Calc!$B$39:$E$42, 1, 2),"0.00%") -> 0.13% | D11: =TEXT(INDEX(Calc!$B$39:$E$42, 1, 3),"0.00%") -> 52.47% | E11: =TEXT(INDEX(Calc!$B$39:$E$42, 1, 4),"0.00%") -> 0.00%
A12: NonIG -> | B12: =TEXT(INDEX(Calc!$B$39:$E$42, 2, 1),"0.00%") -> 4.00% | C12: =TEXT(INDEX(Calc!$B$39:$E$42, 2, 2),"0.00%") -> 2.95% | D12: =TEXT(INDEX(Calc!$B$39:$E$42, 2, 3),"0.00%") -> 8.18% | E12: =TEXT(INDEX(Calc!$B$39:$E$42, 2, 4),"0.00%") -> 84.88%
A13: Junk -> | B13: =TEXT(INDEX(Calc!$B$39:$E$42, 3, 1),"0.00%") -> 0.00% | C13: =TEXT(INDEX(Calc!$B$39:$E$42, 3, 2),"0.00%") -> 5.00% | D13: =TEXT(INDEX(Calc!$B$39:$E$42, 3, 3),"0.00%") -> 0.00% | E13: =TEXT(INDEX(Calc!$B$39:$E$42, 3, 4),"0.00%") -> 95.00%
A14: Default -> | B14: =TEXT(INDEX(Calc!$B$39:$E$42, 4, 1),"0.00%") -> 0.00% | C14: =TEXT(INDEX(Calc!$B$39:$E$42, 4, 2),"0.00%") -> 0.00% | D14: =TEXT(INDEX(Calc!$B$39:$E$42, 4, 3),"0.00%") -> 0.00% | E14: =TEXT(INDEX(Calc!$B$39:$E$42, 4, 4),"0.00%") -> 100.00%
A16: N-Quarter Cumulative Transition Matrix (sustained scenario)
B17: -> IG | C17: -> NonIG | D17: -> Junk | E17: -> Default
A18: IG -> | B18: =IF(OR($C$6<1,$C$6<>ROUND($C$6,0),$C$6>60),"Invalid horizon",TEXT(INDEX(Calc!$B$44:$E$283, ($C$6-1)*4+1, 1),"0.00%")) -> 0.06% | C18: =IF(OR($C$6<1,$C$6<>ROUND($C$6,0),$C$6>60),"Invalid horizon",TEXT(INDEX(Calc!$B$44:$E$283, ($C$6-1)*4+1, 2),"0.00%")) -> 0.01% | D18: =IF(OR($C$6<1,$C$6<>ROUND($C$6,0),$C$6>60),"Invalid horizon",TEXT(INDEX(Calc!$B$44:$E$283, ($C$6-1)*4+1, 3),"0.00%")) -> 0.07% | E18: =IF(OR($C$6<1,$C$6<>ROUND($C$6,0),$C$6>60),"Invalid horizon",TEXT(INDEX(Calc!$B$44:$E$283, ($C$6-1)*4+1, 4),"0.00%")) -> 99.86%
A19: NonIG -> | B19: =IF(OR($C$6<1,$C$6<>ROUND($C$6,0),$C$6>60),"Invalid horizon",TEXT(INDEX(Calc!$B$44:$E$283, ($C$6-1)*4+2, 1),"0.00%")) -> 0.01% | C19: =IF(OR($C$6<1,$C$6<>ROUND($C$6,0),$C$6>60),"Invalid horizon",TEXT(INDEX(Calc!$B$44:$E$283, ($C$6-1)*4+2, 2),"0.00%")) -> 0.00% | D19: =IF(OR($C$6<1,$C$6<>ROUND($C$6,0),$C$6>60),"Invalid horizon",TEXT(INDEX(Calc!$B$44:$E$283, ($C$6-1)*4+2, 3),"0.00%")) -> 0.01% | E19: =IF(OR($C$6<1,$C$6<>ROUND($C$6,0),$C$6>60),"Invalid horizon",TEXT(INDEX(Calc!$B$44:$E$283, ($C$6-1)*4+2, 4),"0.00%")) -> 99.99%
A20: Junk -> | B20: =IF(OR($C$6<1,$C$6<>ROUND($C$6,0),$C$6>60),"Invalid horizon",TEXT(INDEX(Calc!$B$44:$E$283, ($C$6-1)*4+3, 1),"0.00%")) -> 0.00% | C20: =IF(OR($C$6<1,$C$6<>ROUND($C$6,0),$C$6>60),"Invalid horizon",TEXT(INDEX(Calc!$B$44:$E$283, ($C$6-1)*4+3, 2),"0.00%")) -> 0.00% | D20: =IF(OR($C$6<1,$C$6<>ROUND($C$6,0),$C$6>60),"Invalid horizon",TEXT(INDEX(Calc!$B$44:$E$283, ($C$6-1)*4+3, 3),"0.00%")) -> 0.00% | E20: =IF(OR($C$6<1,$C$6<>ROUND($C$6,0),$C$6>60),"Invalid horizon",TEXT(INDEX(Calc!$B$44:$E$283, ($C$6-1)*4+3, 4),"0.00%")) -> 100.00%
A21: Default -> | B21: =IF(OR($C$6<1,$C$6<>ROUND($C$6,0),$C$6>60),"Invalid horizon",TEXT(INDEX(Calc!$B$44:$E$283, ($C$6-1)*4+4, 1),"0.00%")) -> 0.00% | C21: =IF(OR($C$6<1,$C$6<>ROUND($C$6,0),$C$6>60),"Invalid horizon",TEXT(INDEX(Calc!$B$44:$E$283, ($C$6-1)*4+4, 2),"0.00%")) -> 0.00% | D21: =IF(OR($C$6<1,$C$6<>ROUND($C$6,0),$C$6>60),"Invalid horizon",TEXT(INDEX(Calc!$B$44:$E$283, ($C$6-1)*4+4, 3),"0.00%")) -> 0.00% | E21: =IF(OR($C$6<1,$C$6<>ROUND($C$6,0),$C$6>60),"Invalid horizon",TEXT(INDEX(Calc!$B$44:$E$283, ($C$6-1)*4+4, 4),"0.00%")) -> 100.00%
A23: Note: output becomes static (flat) beyond these input bounds:
A24: See the Model_Weights tab (EXTRAPOLATION CAP BOUNDS) for the exact current values and why.

Sheet Model_Weights
A1: Model weights (from model_weights.json)
A3: beta_hat -- fitted macro-sensitivity coefficients per tranche/cascade stage
A4: Tranche | B4: Stage | C4: Intercept (X0) | D4: Delta Earnings (X1) | E4: Delta Yield (X2) | F4: Interaction (X3)
A5: IG | B5: A | C5: -5.347574 | D5: -1.2026217 | E5: 0.7248806 | F5: -0.88132101
A6: IG | B6: B | C6: -1.4525455 | D6: -0.62906619 | E6: 0.64932307 | F6: 2.3121599
A7: IG | B7: C | C7: -0.94906764 | D7: -0.12353296 | E7: -0.85419814 | F7: -0.70593718
A8: NonIG | B8: A | C8: -4.1692218 | D8: -1.1289362 | E8: 0.91330029 | F8: -0.56723426
A9: NonIG | B9: B | C9: -1.2495275 | D9: -0.2934641 | E9: 0.44966352 | F9: -0.90981841
A10: Junk | B10: A | C10: -2.588369 | D10: -0.84275116 | E10: 1.3577344 | F10: -0.35791084
A12: Upgrade probabilities (fixed, non-macro-sensitive -- see README.md point 3)
A13: Tranche | B13: Upgrade Prob
A14: IG | B14: 0
A15: NonIG | B15: 0.04
A16: Junk | B16: 0.05
A18: Observed X_train bounds (extrapolation-warning reference)
A19: Feature | B19: Min | C19: Max
A20: Delta Earnings (X1) | B20: -0.78106768 | C20: 0.6476016
A21: Delta Yield (X2) | B21: -0.37043616 | C21: 0.30909074
A22: Interaction (X3) | B22: -0.23989505 | C22: 0.044961301
A24: EXTRAPOLATION CAP BOUNDS (per feature -- output becomes static at/beyond these values)
A25: Feature | B25: Cap Min | C25: Cap Max
A26: Delta Earnings (X1) | B26: -2.3432031 | C26: 1.9428048
A27: Delta Yield (X2) | B27: -2 | C27: 10
A28: Interaction (X3) | B28: -3.5984258 | C28: 0.67441952
A29: Note: per-feature, not one shared multiplier -- earnings and yield saturate at very different multiples of their own training range. The interaction (X3) bound applies to the recomputed X1(capped)*X2(capped) value, so a COMBINED scenario's plateau can begin before either X1 or X2 alone reaches its own bound above.

Sheet Calc
A1: X vector: row 2 = CAPPED (drives all math below), row 3 = RAW (for the range-check warning only) | B1: X0 | C1: X1 (Earn) | D1: X2 (Yield) | E1: X3 (Inter.)
B2: 1 | C2: =MIN(MAX(C3,Model_Weights!B26),Model_Weights!C26) -> 1 | D2: =MIN(MAX(D3,Model_Weights!B27),Model_Weights!C27) -> 10 | E2: =MIN(MAX(C2*D2,Model_Weights!B28),Model_Weights!C28) -> 0.67441952
A3: X vector (RAW, uncapped) | B3: 1 | C3: =Scenario!C4 -> 1 | D3: =Scenario!C5 -> 10 | E3: =C3*D3 -> 10
A4: Capped? (text, blank if not) | C4: =IF(C2<>C3,"Delta Earnings: "&TEXT(C3,"0.000")&" -> "&TEXT(C2,"0.000"),"") | D4: =IF(D2<>D3,"Delta Yield: "&TEXT(D3,"0.000")&" -> "&TEXT(D2,"0.000"),"") | E4: =IF(E2<>E3,"Interaction: "&TEXT(E3,"0.000")&" -> "&TEXT(E2,"0.000"),"") -> Interaction: 10.000 -> 0.674
A7: IG
A8: logit_A | B8: =SUMPRODUCT($B$2:$E$2, Model_Weights!C5:F5) -> 0.1042302
A9: p(fall>=1) | B9: =IF(B8>=0,1/(1+EXP(-B8)),EXP(B8)/(1+EXP(B8))) -> 0.52603398
A10: p(stay) | B10: =1-B9 -> 0.47396602
A11: logit_B | B11: =SUMPRODUCT($B$2:$E$2, Model_Weights!C6:F6) -> 5.9709848
A12: p(fall>=2 | fall>=1) | B12: =IF(B11>=0,1/(1+EXP(-B11)),EXP(B11)/(1+EXP(B11))) -> 0.99745477
A13: p(fall=1) | B13: =B9*(1-B12) -> 0.0013388788
A14: p(fall>=2) | B14: =B9*B12 -> 0.52469511
A15: logit_C | B15: =SUMPRODUCT($B$2:$E$2, Model_Weights!C7:F7) -> -10.09068
A16: p(fall=3 | fall>=2) | B16: =IF(B15>=0,1/(1+EXP(-B15)),EXP(B15)/(1+EXP(B15))) -> 4.1462493e-05
A17: p(fall=2) | B17: =B14*(1-B16) -> 0.52467335
A18: p(fall=3) | B18: =B14*B16 -> 2.1755167e-05
A19: IG row [->IG, ->NonIG, ->Junk, ->Default] | B19: =B10 -> 0.47396602 | C19: =B13 -> 0.0013388788 | D19: =B17 -> 0.52467335 | E19: =B18 -> 2.1755167e-05
A21: NonIG
A22: logit_A | B22: =SUMPRODUCT($B$2:$E$2, Model_Weights!C8:F8) -> 3.452291
A23: p(fall>=1) | B23: =IF(B22>=0,1/(1+EXP(-B22)),EXP(B22)/(1+EXP(B22))) -> 0.96929939
A24: p(stay) | B24: =1-B23 -> 0.030700609
A25: logit_B | B25: =SUMPRODUCT($B$2:$E$2, Model_Weights!C9:F9) -> 2.3400443
A26: p(fall=2 | fall>=1) | B26: =IF(B25>=0,1/(1+EXP(-B25)),EXP(B25)/(1+EXP(B25))) -> 0.91213964
A27: p(fall=1) | B27: =B23*(1-B26) -> 0.085162995
A28: p(fall=2) | B28: =B23*B26 -> 0.8841364
A29: u (upgrade prob) | B29: =Model_Weights!B15 -> 0.04
A30: NonIG row [->IG, ->NonIG, ->Junk, ->Default] | B30: =B29 -> 0.04 | C30: =(1-B29)*B24 -> 0.029472585 | D30: =(1-B29)*B27 -> 0.081756476 | E30: =(1-B29)*B28 -> 0.84877094
A32: Junk
A33: logit_A | B33: =SUMPRODUCT($B$2:$E$2, Model_Weights!C10:F10) -> 9.9048415
A34: p(fall=1) | B34: =IF(B33>=0,1/(1+EXP(-B33)),EXP(B33)/(1+EXP(B33))) -> 0.99995007
A35: p(stay) | B35: =1-B34 -> 4.9929857e-05
A36: u (upgrade prob) | B36: =Model_Weights!B16 -> 0.05
A37: Junk row [->IG, ->NonIG, ->Junk, ->Default] | B37: 0 | C37: =B36 -> 0.05 | D37: =(1-B36)*B35 -> 4.7433364e-05 | E37: =(1-B36)*B34 -> 0.94995257
A38: M (Next-Quarter Transition Matrix) [IG, NonIG, Junk, Default]
B39: =B19 -> 0.47396602 | C39: =C19 -> 0.0013388788 | D39: =D19 -> 0.52467335 | E39: =E19 -> 2.1755167e-05
B40: =B30 -> 0.04 | C40: =C30 -> 0.029472585 | D40: =D30 -> 0.081756476 | E40: =E30 -> 0.84877094
B41: =B37 -> 0 | C41: =C37 -> 0.05 | D41: =D37 -> 4.7433364e-05 | E41: =E37 -> 0.94995257
B42: 0 | C42: 0 | D42: 0 | E42: 1
A43: Cumulative transition matrix chain, quarters 1-60 (each block = MMULT(previous block, M)). Block 1 = M itself.
B44: =B39 -> 0.47396602 | C44: =C39 -> 0.0013388788 | D44: =D39 -> 0.52467335 | E44: =E39 -> 2.1755167e-05
B45: =B40 -> 0.04 | C45: =C40 -> 0.029472585 | D45: =D40 -> 0.081756476 | E45: =E40 -> 0.84877094
B46: =B41 -> 0 | C46: =C41 -> 0.05 | D46: =D41 -> 4.7433364e-05 | E46: =E41 -> 0.94995257
B47: =B42 -> 0 | C47: =C42 -> 0 | D47: =D42 -> 0 | E47: =E42 -> 1
B48: {=MMULT($B$44:$E$47,$B$39:$E$42)} -> 0.22469734 | C48: 0.026907711 | D48: 0.24881169 | E48: 0.49958326
B49: 0.020137544 | C49: 0.0050100122 | D49: 0.023400387 | E49: 0.95145206
B50: 0.002 | C50: 0.0014760009 | D50: 0.004087826 | E50: 0.99243617
B51: 0 | C51: 0 | D51: 0 | E51: 1
B52: {=MMULT($B$48:$E$51,$B$39:$E$42)} -> 0.10757521 | C52: 0.013534467 | D52: 0.12010439 | E52: 0.75878594
B53: 0.009744912 | C53: 0.0013446391 | D53: 0.010976344 | E53: 0.97793411
B54: 0.0010069721 | C54: 0.00025057062 | D54: 0.0011702132 | E54: 0.99757224
B55: 0 | C55: 0 | D55: 0 | E55: 1
B56: {=MMULT($B$52:$E$55,$B$39:$E$42)} -> 0.051528373 | C56: 0.0065481452 | D56: 0.057554074 | E56: 0.88436941
B57: 0.0046725427 | C57: 0.00060149442 | D57: 0.0052233492 | E57: 0.98950261
B58: 0.00048729336 | C58: 6.7243839e-05 | D58: 0.00054887269 | E58: 0.99889659
B59: 0 | C59: 0 | D59: 0 | E59: 1
B60: {=MMULT($B$56:$E$59,$B$39:$E$42)} -> 0.024684623 | C60: 0.0031396847 | D60: 0.027573647 | E60: 0.94460204
B61: 0.0022386862 | C61: 0.00028515102 | D61: 0.0025009824 | E61: 0.99497518
B62: 0.00023365025 | C62: 3.0077911e-05 | D62: 0.0002611935 | E62: 0.99947508
B63: 0 | C63: 0 | D63: 0 | E63: 1
B64: {=MMULT($B$60:$E$63,$B$39:$E$42)} -> 0.01182526 | C64: 0.0015042667 | D64: 0.013209361 | E64: 0.97346111
B65: 0.0010724672 | C65: 0.00013645059 | D65: 0.0011980106 | E65: 0.99759307
B66: 0.00011194539 | C66: 1.4258978e-05 | D66: 0.00012506151 | E66: 0.99974873
B67: 0 | C67: 0 | D67: 0 | E67: 1
B68: {=MMULT($B$64:$E$67,$B$39:$E$42)} -> 0.005664942 | C68: 0.00072063529 | D68: 0.0063280089 | E68: 0.98728641
B69: 0.00051377104 | C69: 6.5357983e-05 | D69: 0.00057390752 | E69: 0.99884696
B70: 5.3628671e-05 | C70: 6.8232058e-06 | D70: 5.990646e-05 | E70: 0.99987964
B71: 0 | C71: 0 | D71: 0 | E71: 1
B72: {=MMULT($B$68:$E$71,$B$39:$E$42)} -> 0.0027138154 | C72: 0.0003452241 | D72: 0.0030314609 | E72: 0.9939095
B73: 0.00024612433 | C73: 3.1309522e-05 | D73: 0.00027493263 | E73: 0.99944763
B74: 2.5691096e-05 | C74: 3.2682228e-06 | D74: 2.8698217e-05 | E74: 0.99994234
B75: 0 | C75: 0 | D75: 0 | E75: 1
B76: {=MMULT($B$72:$E$75,$B$39:$E$42)} -> 0.0013000652 | C76: 0.00016538116 | D76: 0.0014522347 | E76: 0.99708232
B77: 0.00011790695 | C77: 1.4998935e-05 | D77: 0.00013170767 | E77: 0.99973539
B78: 1.2307435e-05 | C78: 1.5656311e-06 | D78: 1.3747993e-05 | E78: 0.99997238
B79: 0 | C79: 0 | D79: 0 | E79: 1
B80: {=MMULT($B$76:$E$79,$B$39:$E$42)} -> 0.00062280199 | C80: 7.9226576e-05 | D80: 0.00069569945 | E80: 0.99860227
B81: 5.6483844e-05 | C81: 7.1853042e-06 | D81: 6.3095142e-05 | E81: 0.99987324
B82: 5.8959313e-06 | C82: 7.50021e-07 | D82: 6.5860359e-06 | E82: 0.99998677
B83: 0 | C83: 0 | D83: 0 | E83: 1
B84: {=MMULT($B$80:$E$83,$B$39:$E$42)} -> 0.00029835604 | C84: 3.7953841e-05 | D84: 0.00033327789 | E84: 0.99933041
B85: 2.7058835e-05 | C85: 3.4421516e-06 | D85: 3.0226006e-05 | E85: 0.99993927
B86: 2.8244719e-06 | C86: 3.5930079e-07 | D86: 3.1550695e-06 | E86: 0.99999366
B87: 0 | C87: 0 | D87: 0 | E87: 1
B88: {=MMULT($B$84:$E$87,$B$39:$E$42)} -> 0.00014292878 | C88: 1.8181955e-05 | D88: 0.00015965824 | E88: 0.99967923
B89: 1.2962654e-05 | C89: 1.6489779e-06 | D89: 1.4479901e-05 | E89: 0.99997091
B90: 1.3530757e-06 | C90: 1.7212462e-07 | D90: 1.5114499e-06 | E90: 0.99999696
B91: 0 | C91: 0 | D91: 0 | E91: 1
B92: {=MMULT($B$88:$E$91,$B$39:$E$42)} -> 6.8470661e-05 | C92: 8.7101457e-06 | D92: 7.6484986e-05 | E92: 0.99984633
B93: 6.2098167e-06 | C93: 7.8995014e-07 | D93: 6.9366607e-06 | E93: 0.99998606
B94: 6.4819689e-07 | C94: 8.2457059e-08 | D94: 7.2406677e-07 | E94: 0.99999855
B95: 0 | C95: 0 | D95: 0 | E95: 1
B96: {=MMULT($B$92:$E$95,$B$39:$E$42)} -> 3.2801172e-05 | C96: 4.1726337e-06 | D96: 3.664047e-05 | E96: 0.99992639
B97: 2.9748401e-06 | C97: 3.784291e-07 | D97: 3.3230379e-06 | E97: 0.99999332
B98: 3.1052158e-07 | C98: 3.9501418e-08 | D98: 3.4686738e-07 | E98: 0.9999993
B99: 0 | C99: 0 | D99: 0 | E99: 1
B100: {=MMULT($B$96:$E$99,$B$39:$E$42)} -> 1.5713546e-05 | C100: 1.9989186e-06 | D100: 1.7552779e-05 | E100: 0.99996473
B101: 1.4251103e-06 | C101: 1.8128813e-07 | D101: 1.591916e-06 | E101: 0.9999968
B102: 1.4875673e-07 | C102: 1.8923329e-08 | D102: 1.6616835e-07 | E102: 0.99999967
B103: 0 | C103: 0 | D103: 0 | E103: 1
B104: {=MMULT($B$100:$E$103,$B$39:$E$42)} -> 7.5276436e-06 | C104: 9.5759076e-07 | D104: 8.408736e-06 | E104: 0.99998311
...
